time,gibbs
1.0,0.045096215561129666
1.0,0.045096215561129666
1.0,0.04433737728919164
